,State,County,City,Median Sale Price,Date,Month,Year,lat,lng
50,California,"Santa Clara, CA",Santa Clara,465000.0,2/1/2012,2,2012,37.3541079,-121.9552356
64,California,"Santa Clara, CA",Santa Clara,690000.0,10/1/2013,10,2013,37.3541079,-121.9552356
80,California,"Oakland, CA",Oakland,610000.0,5/1/2015,5,2015,37.8043637,-122.2711137
109,California,"Santa Clara, CA",Santa Clara,541000.0,3/1/2012,3,2012,37.3541079,-121.9552356
193,California,"Oakland, CA",Oakland,499000.0,6/1/2014,6,2014,37.8043637,-122.2711137
272,California,"Oakland, CA",Oakland,334000.0,10/1/2012,10,2012,37.8043637,-122.2711137
385,California,"Santa Clara, CA",Santa Clara,1325000.0,12/1/2017,12,2017,37.3541079,-121.9552356
399,California,"Santa Clara, CA",Santa Clara,545000.0,7/1/2012,7,2012,37.3541079,-121.9552356
447,California,"Oakland, CA",Oakland,520000.0,8/1/2014,8,2014,37.8043637,-122.2711137
464,California,"Santa Clara, CA",Santa Clara,898000.0,7/1/2015,7,2015,37.3541079,-121.9552356
479,California,"Santa Clara, CA",Santa Clara,895000.0,3/1/2016,3,2016,37.3541079,-121.9552356
552,California,"Oakland, CA",Oakland,229000.0,2/1/2012,2,2012,37.8043637,-122.2711137
630,California,"Santa Clara, CA",Santa Clara,690000.0,11/1/2013,11,2013,37.3541079,-121.9552356
657,California,"Hayward, CA",Hayward,450000.0,4/1/2014,4,2014,37.6688205,-122.0807964
727,California,"Santa Clara, CA",Santa Clara,601000.0,8/1/2012,8,2012,37.3541079,-121.9552356
729,California,"Oakland, CA",Oakland,300000.0,8/1/2012,8,2012,37.8043637,-122.2711137
762,California,"Santa Clara, CA",Santa Clara,635000.0,5/1/2013,5,2013,37.3541079,-121.9552356
820,California,"Santa Clara, CA",Santa Clara,741000.0,5/1/2014,5,2014,37.3541079,-121.9552356
821,California,"Oakland, CA",Oakland,493000.0,5/1/2014,5,2014,37.8043637,-122.2711137
833,California,"Santa Clara, CA",Santa Clara,785000.0,8/1/2014,8,2014,37.3541079,-121.9552356
836,California,"Santa Clara, CA",Santa Clara,785000.0,9/1/2014,9,2014,37.3541079,-121.9552356
849,California,"Santa Clara, CA",Santa Clara,748000.0,11/1/2014,11,2014,37.3541079,-121.9552356
1002,California,"Santa Clara, CA",Santa Clara,1160000.0,6/1/2017,6,2017,37.3541079,-121.9552356
1017,California,"Santa Clara, CA",Santa Clara,1140000.0,10/1/2017,10,2017,37.3541079,-121.9552356
1165,California,"Santa Clara, CA",Santa Clara,670000.0,8/1/2013,8,2013,37.3541079,-121.9552356
1172,California,"Santa Clara, CA",Santa Clara,642000.0,9/1/2013,9,2013,37.3541079,-121.9552356
1236,California,"Oakland, CA",Oakland,490000.0,10/1/2014,10,2014,37.8043637,-122.2711137
1303,California,"Oakland, CA",Oakland,573000.0,6/1/2015,6,2015,37.8043637,-122.2711137
1441,California,"Santa Clara, CA",Santa Clara,638000.0,6/1/2012,6,2012,37.3541079,-121.9552356
1483,California,"Santa Clara, CA",Santa Clara,615000.0,1/1/2013,1,2013,37.3541079,-121.9552356
1499,California,"Oakland, CA",Oakland,350000.0,3/1/2013,3,2013,37.8043637,-122.2711137
1508,California,"Oakland, CA",Oakland,450000.0,4/1/2013,4,2013,37.8043637,-122.2711137
1515,California,"Santa Clara, CA",Santa Clara,684000.0,4/1/2013,4,2013,37.3541079,-121.9552356
1587,California,"Santa Clara, CA",Santa Clara,735000.0,12/1/2013,12,2013,37.3541079,-121.9552356
1615,California,"Santa Clara, CA",Santa Clara,708000.0,4/1/2014,4,2014,37.3541079,-121.9552356
1672,California,"Oakland, CA",Oakland,425000.0,1/1/2015,1,2015,37.8043637,-122.2711137
1767,California,"Oakland, CA",Oakland,270000.0,5/1/2012,5,2012,37.8043637,-122.2711137
1812,California,"Santa Clara, CA",Santa Clara,585000.0,10/1/2012,10,2012,37.3541079,-121.9552356
1845,California,"Hayward, CA",Hayward,320000.0,2/1/2013,2,2013,37.6688205,-122.0807964
1846,California,"Oakland, CA",Oakland,323000.0,2/1/2013,2,2013,37.8043637,-122.2711137
1877,California,"Santa Clara, CA",Santa Clara,695000.0,6/1/2013,6,2013,37.3541079,-121.9552356
1913,California,"Oakland, CA",Oakland,437000.0,11/1/2013,11,2013,37.8043637,-122.2711137
1919,California,"Oakland, CA",Oakland,420000.0,12/1/2013,12,2013,37.8043637,-122.2711137
1962,California,"Hayward, CA",Hayward,450000.0,5/1/2014,5,2014,37.6688205,-122.0807964
2014,California,"Oakland, CA",Oakland,536000.0,11/1/2014,11,2014,37.8043637,-122.2711137
2126,California,"Santa Clara, CA",Santa Clara,600000.0,5/1/2012,5,2012,37.3541079,-121.9552356
2138,California,"Oakland, CA",Oakland,300000.0,7/1/2012,7,2012,37.8043637,-122.2711137
2198,California,"Santa Clara, CA",Santa Clara,593000.0,12/1/2012,12,2012,37.3541079,-121.9552356
2204,California,"Oakland, CA",Oakland,344000.0,1/1/2013,1,2013,37.8043637,-122.2711137
2317,California,"Oakland, CA",Oakland,365000.0,1/1/2014,1,2014,37.8043637,-122.2711137
2338,California,"Oakland, CA",Oakland,423000.0,3/1/2014,3,2014,37.8043637,-122.2711137
2344,California,"Oakland, CA",Oakland,475000.0,4/1/2014,4,2014,37.8043637,-122.2711137
2378,California,"San Jose, CA",San Jose,670000.0,7/1/2014,7,2014,37.3382082,-121.8863286
2435,California,"Santa Clara, CA",Santa Clara,804000.0,1/1/2015,1,2015,37.3541079,-121.9552356
2448,California,"Oakland, CA",Oakland,495000.0,3/1/2015,3,2015,37.8043637,-122.2711137
2480,California,"Oakland, CA",Oakland,575000.0,7/1/2015,7,2015,37.8043637,-122.2711137
2524,California,"Santa Clara, CA",Santa Clara,903000.0,11/1/2015,11,2015,37.3541079,-121.9552356
2577,California,"Hayward, CA",Hayward,539000.0,6/1/2016,6,2016,37.6688205,-122.0807964
2593,California,"Oakland, CA",Oakland,630000.0,7/1/2016,7,2016,37.8043637,-122.2711137
2623,California,"Oakland, CA",Oakland,725000.0,11/1/2016,11,2016,37.8043637,-122.2711137
2630,California,"Santa Clara, CA",Santa Clara,914000.0,11/1/2016,11,2016,37.3541079,-121.9552356
2656,California,"Oakland, CA",Oakland,650000.0,2/1/2017,2,2017,37.8043637,-122.2711137
2680,California,"Oakland, CA",Oakland,700000.0,4/1/2017,4,2017,37.8043637,-122.2711137
2741,California,"Santa Clara, CA",Santa Clara,1175000.0,9/1/2017,9,2017,37.3541079,-121.9552356
2772,California,"Oakland, CA",Oakland,665000.0,1/1/2018,1,2018,37.8043637,-122.2711137
2792,California,"Santa Clara, CA",Santa Clara,1410000.0,3/1/2018,3,2018,37.3541079,-121.9552356
2834,California,"Santa Clara, CA",Santa Clara,483000.0,4/1/2012,4,2012,37.3541079,-121.9552356
2859,California,"Oakland, CA",Oakland,360000.0,11/1/2012,11,2012,37.8043637,-122.2711137
2863,California,"Oakland, CA",Oakland,360000.0,12/1/2012,12,2012,37.8043637,-122.2711137
2949,California,"Oakland, CA",Oakland,388000.0,2/1/2014,2,2014,37.8043637,-122.2711137
3002,California,"Oakland, CA",Oakland,483000.0,12/1/2014,12,2014,37.8043637,-122.2711137
3039,California,"Santa Clara, CA",Santa Clara,910000.0,6/1/2015,6,2015,37.3541079,-121.9552356
3051,California,"Oakland, CA",Oakland,550000.0,9/1/2015,9,2015,37.8043637,-122.2711137
3056,California,"Santa Clara, CA",Santa Clara,888000.0,9/1/2015,9,2015,37.3541079,-121.9552356
3074,California,"Oakland, CA",Oakland,565000.0,12/1/2015,12,2015,37.8043637,-122.2711137
3191,California,"Oakland, CA",Oakland,235000.0,3/1/2012,3,2012,37.8043637,-122.2711137
3213,California,"Hayward, CA",Hayward,251000.0,5/1/2012,5,2012,37.6688205,-122.0807964
3256,California,"Oakland, CA",Oakland,293000.0,9/1/2012,9,2012,37.8043637,-122.2711137
3321,California,"Santa Clara, CA",Santa Clara,648000.0,3/1/2013,3,2013,37.3541079,-121.9552356
3341,California,"Hayward, CA",Hayward,387000.0,5/1/2013,5,2013,37.6688205,-122.0807964
3351,California,"Oakland, CA",Oakland,448000.0,6/1/2013,6,2013,37.8043637,-122.2711137
3360,California,"Oakland, CA",Oakland,464000.0,7/1/2013,7,2013,37.8043637,-122.2711137
3370,California,"Oakland, CA",Oakland,451000.0,8/1/2013,8,2013,37.8043637,-122.2711137
3418,California,"Santa Clara, CA",Santa Clara,723000.0,1/1/2014,1,2014,37.3541079,-121.9552356
3431,California,"Santa Clara, CA",Santa Clara,735000.0,2/1/2014,2,2014,37.3541079,-121.9552356
3462,California,"Santa Clara, CA",Santa Clara,784000.0,6/1/2014,6,2014,37.3541079,-121.9552356
3470,California,"Oakland, CA",Oakland,529000.0,7/1/2014,7,2014,37.8043637,-122.2711137
3540,California,"Oakland, CA",Oakland,457000.0,2/1/2015,2,2015,37.8043637,-122.2711137
3571,California,"Santa Clara, CA",Santa Clara,856000.0,5/1/2015,5,2015,37.3541079,-121.9552356
3584,California,"San Jose, CA",San Jose,775000.0,6/1/2015,6,2015,37.3382082,-121.8863286
3681,California,"Oakland, CA",Oakland,635000.0,5/1/2016,5,2016,37.8043637,-122.2711137
3767,California,"Hayward, CA",Hayward,561000.0,1/1/2017,1,2017,37.6688205,-122.0807964
3773,California,"Santa Clara, CA",Santa Clara,923000.0,1/1/2017,1,2017,37.3541079,-121.9552356
3852,California,"Oakland, CA",Oakland,708000.0,11/1/2017,11,2017,37.8043637,-122.2711137
3865,California,"Oakland, CA",Oakland,675000.0,12/1/2017,12,2017,37.8043637,-122.2711137
4031,California,"Hayward, CA",Hayward,280000.0,9/1/2012,9,2012,37.6688205,-122.0807964
4042,California,"Santa Clara, CA",Santa Clara,595000.0,9/1/2012,9,2012,37.3541079,-121.9552356
4132,California,"Oakland, CA",Oakland,397000.0,5/1/2013,5,2013,37.8043637,-122.2711137
4189,California,"Oakland, CA",Oakland,450000.0,10/1/2013,10,2013,37.8043637,-122.2711137
4288,California,"Santa Clara, CA",Santa Clara,755000.0,7/1/2014,7,2014,37.3541079,-121.9552356
4293,California,"Hayward, CA",Hayward,450000.0,8/1/2014,8,2014,37.6688205,-122.0807964
4306,California,"Oakland, CA",Oakland,495000.0,9/1/2014,9,2014,37.8043637,-122.2711137
4356,California,"San Jose, CA",San Jose,645000.0,1/1/2015,1,2015,37.3382082,-121.8863286
4402,California,"Santa Clara, CA",Santa Clara,850000.0,4/1/2015,4,2015,37.3541079,-121.9552356
4452,California,"Hayward, CA",Hayward,488000.0,8/1/2015,8,2015,37.6688205,-122.0807964
4517,California,"Hayward, CA",Hayward,523000.0,1/1/2016,1,2016,37.6688205,-122.0807964
4526,California,"Santa Clara, CA",Santa Clara,920000.0,1/1/2016,1,2016,37.3541079,-121.9552356
4531,California,"Oakland, CA",Oakland,550000.0,2/1/2016,2,2016,37.8043637,-122.2711137
4591,California,"Santa Clara, CA",Santa Clara,955000.0,7/1/2016,7,2016,37.3541079,-121.9552356
4746,California,"Hayward, CA",Hayward,260000.0,4/1/2012,4,2012,37.6688205,-122.0807964
4781,California,"Hayward, CA",Hayward,262000.0,6/1/2012,6,2012,37.6688205,-122.0807964
4896,California,"Santa Clara, CA",Santa Clara,601000.0,2/1/2013,2,2013,37.3541079,-121.9552356
4908,California,"San Jose, CA",San Jose,575000.0,3/1/2013,3,2013,37.3382082,-121.8863286
5176,California,"San Jose, CA",San Jose,655000.0,9/1/2014,9,2014,37.3382082,-121.8863286
5230,California,"Fremont, CA",Fremont,718000.0,1/1/2015,1,2015,37.5482697,-121.9885719
5278,California,"Oakland, CA",Oakland,600000.0,4/1/2015,4,2015,37.8043637,-122.2711137
5540,California,"Oakland, CA",Oakland,269000.0,6/1/2012,6,2012,37.8043637,-122.2711137
5550,California,"San Jose, CA",San Jose,495000.0,6/1/2012,6,2012,37.3382082,-121.8863286
5559,California,"Hayward, CA",Hayward,282000.0,7/1/2012,7,2012,37.6688205,-122.0807964
5654,California,"San Jose, CA",San Jose,522000.0,1/1/2013,1,2013,37.3382082,-121.8863286
5690,California,"San Jose, CA",San Jose,629000.0,4/1/2013,4,2013,37.3382082,-121.8863286
6076,California,"San Jose, CA",San Jose,715000.0,3/1/2015,3,2015,37.3382082,-121.8863286
6155,California,"San Jose, CA",San Jose,755000.0,8/1/2015,8,2015,37.3382082,-121.8863286
6163,California,"Hayward, CA",Hayward,532000.0,9/1/2015,9,2015,37.6688205,-122.0807964
6179,California,"Hayward, CA",Hayward,489000.0,10/1/2015,10,2015,37.6688205,-122.0807964
6249,California,"Fremont, CA",Fremont,780000.0,2/1/2016,2,2016,37.5482697,-121.9885719
6276,California,"San Jose, CA",San Jose,800000.0,3/1/2016,3,2016,37.3382082,-121.8863286
6369,California,"Oakland, CA",Oakland,638000.0,9/1/2016,9,2016,37.8043637,-122.2711137
6394,California,"San Jose, CA",San Jose,810000.0,10/1/2016,10,2016,37.3382082,-121.8863286
6412,California,"San Jose, CA",San Jose,799000.0,11/1/2016,11,2016,37.3382082,-121.8863286
6629,California,"San Jose, CA",San Jose,1000000.0,12/1/2017,12,2017,37.3382082,-121.8863286
6649,California,"Hayward, CA",Hayward,650000.0,2/1/2018,2,2018,37.6688205,-122.0807964
6774,California,"San Jose, CA",San Jose,1005000.0,9/1/2018,9,2018,37.3382082,-121.8863286
6775,California,"Santa Clara, CA",Santa Clara,1265000.0,9/1/2018,9,2018,37.3541079,-121.9552356
6789,California,"San Jose, CA",San Jose,1045000.0,10/1/2018,10,2018,37.3382082,-121.8863286
6864,California,"Santa Clara, CA",Santa Clara,1185000.0,1/1/2019,1,2019,37.3541079,-121.9552356
6983,California,"Oakland, CA",Oakland,241000.0,4/1/2012,4,2012,37.8043637,-122.2711137
7078,California,"Santa Clara, CA",Santa Clara,600000.0,11/1/2012,11,2012,37.3541079,-121.9552356
7140,California,"San Jose, CA",San Jose,650000.0,5/1/2013,5,2013,37.3382082,-121.8863286
7180,California,"Oakland, CA",Oakland,438000.0,9/1/2013,9,2013,37.8043637,-122.2711137
7202,California,"San Jose, CA",San Jose,626000.0,10/1/2013,10,2013,37.3382082,-121.8863286
7375,California,"Santa Clara, CA",Santa Clara,775000.0,10/1/2014,10,2014,37.3541079,-121.9552356
7400,California,"San Jose, CA",San Jose,660000.0,12/1/2014,12,2014,37.3382082,-121.8863286
7404,California,"Hayward, CA",Hayward,429000.0,1/1/2015,1,2015,37.6688205,-122.0807964
7420,California,"Santa Clara, CA",Santa Clara,780000.0,2/1/2015,2,2015,37.3541079,-121.9552356
7699,California,"Hayward, CA",Hayward,229000.0,2/1/2012,2,2012,37.6688205,-122.0807964
7800,California,"Fremont, CA",Fremont,525000.0,8/1/2012,8,2012,37.5482697,-121.9885719
7876,California,"Hayward, CA",Hayward,310000.0,12/1/2012,12,2012,37.6688205,-122.0807964
8146,California,"San Jose, CA",San Jose,651000.0,3/1/2014,3,2014,37.3382082,-121.8863286
8245,California,"Hayward, CA",Hayward,430000.0,10/1/2014,10,2014,37.6688205,-122.0807964
8347,California,"Santa Clara, CA",Santa Clara,878000.0,3/1/2015,3,2015,37.3541079,-121.9552356
8512,California,"Santa Clara, CA",Santa Clara,910000.0,12/1/2015,12,2015,37.3541079,-121.9552356
8659,California,"Santa Clara, CA",Santa Clara,940000.0,8/1/2016,8,2016,37.3541079,-121.9552356
8723,California,"San Jose, CA",San Jose,772000.0,12/1/2016,12,2016,37.3382082,-121.8863286
8737,California,"Oakland, CA",Oakland,603000.0,1/1/2017,1,2017,37.8043637,-122.2711137
8758,California,"Hayward, CA",Hayward,566000.0,2/1/2017,2,2017,37.6688205,-122.0807964
8816,California,"Hayward, CA",Hayward,620000.0,5/1/2017,5,2017,37.6688205,-122.0807964
8878,California,"Santa Clara, CA",Santa Clara,1185000.0,8/1/2017,8,2017,37.3541079,-121.9552356
8905,California,"Hayward, CA",Hayward,645000.0,10/1/2017,10,2017,37.6688205,-122.0807964
8914,California,"Hayward, CA",Hayward,622000.0,11/1/2017,11,2017,37.6688205,-122.0807964
9057,California,"Santa Clara, CA",Santa Clara,1261000.0,10/1/2018,10,2018,37.3541079,-121.9552356
9352,California,"Fremont, CA",Fremont,416000.0,2/1/2012,2,2012,37.5482697,-121.9885719
9448,California,"Fremont, CA",Fremont,511000.0,6/1/2012,6,2012,37.5482697,-121.9885719
9490,California,"San Jose, CA",San Jose,509000.0,7/1/2012,7,2012,37.3382082,-121.8863286
9498,California,"Hayward, CA",Hayward,305000.0,8/1/2012,8,2012,37.6688205,-122.0807964
9526,California,"Fremont, CA",Fremont,560000.0,9/1/2012,9,2012,37.5482697,-121.9885719
9567,California,"San Jose, CA",San Jose,515000.0,10/1/2012,10,2012,37.3382082,-121.8863286
9581,California,"Fremont, CA",Fremont,535000.0,11/1/2012,11,2012,37.5482697,-121.9885719
9602,California,"Fremont, CA",Fremont,525000.0,12/1/2012,12,2012,37.5482697,-121.9885719
9625,California,"Fremont, CA",Fremont,530000.0,1/1/2013,1,2013,37.5482697,-121.9885719
9688,California,"Fremont, CA",Fremont,620000.0,4/1/2013,4,2013,37.5482697,-121.9885719
9755,California,"San Jose, CA",San Jose,645000.0,6/1/2013,6,2013,37.3382082,-121.8863286
9796,California,"San Jose, CA",San Jose,620000.0,8/1/2013,8,2013,37.3382082,-121.8863286
9833,California,"Fremont, CA",Fremont,648000.0,10/1/2013,10,2013,37.5482697,-121.9885719
9878,California,"Hayward, CA",Hayward,405000.0,12/1/2013,12,2013,37.6688205,-122.0807964
9960,California,"Hayward, CA",Hayward,425000.0,3/1/2014,3,2014,37.6688205,-122.0807964
9974,California,"Santa Clara, CA",Santa Clara,769000.0,3/1/2014,3,2014,37.3541079,-121.9552356
10173,California,"Hayward, CA",Hayward,430000.0,12/1/2014,12,2014,37.6688205,-122.0807964
10224,California,"Santa Clara, CA",Santa Clara,973000.0,10/1/2016,10,2016,37.3541079,-121.9552356
10246,California,"Oakland, CA",Oakland,677000.0,3/1/2017,3,2017,37.8043637,-122.2711137
10259,California,"Oakland, CA",Oakland,740000.0,6/1/2017,6,2017,37.8043637,-122.2711137
10370,California,"Oakland, CA",Oakland,790000.0,11/1/2018,11,2018,37.8043637,-122.2711137
10723,California,"San Jose, CA",San Jose,400000.0,2/1/2012,2,2012,37.3382082,-121.8863286
10730,California,"Fremont, CA",Fremont,450000.0,3/1/2012,3,2012,37.5482697,-121.9885719
10751,California,"Fremont, CA",Fremont,450000.0,4/1/2012,4,2012,37.5482697,-121.9885719
10781,California,"San Jose, CA",San Jose,456000.0,5/1/2012,5,2012,37.3382082,-121.8863286
10922,California,"San Jose, CA",San Jose,515000.0,12/1/2012,12,2012,37.3382082,-121.8863286
11490,California,"Oakland, CA",Oakland,758000.0,9/1/2018,9,2018,37.8043637,-122.2711137
11495,California,"Santa Clara, CA",Santa Clara,1250000.0,11/1/2018,11,2018,37.3541079,-121.9552356
11864,California,"Hayward, CA",Hayward,305000.0,11/1/2012,11,2012,37.6688205,-122.0807964
12072,California,"Hayward, CA",Hayward,388000.0,9/1/2013,9,2013,37.6688205,-122.0807964
12149,California,"Hayward, CA",Hayward,436000.0,1/1/2014,1,2014,37.6688205,-122.0807964
12255,California,"Hayward, CA",Hayward,425000.0,6/1/2014,6,2014,37.6688205,-122.0807964
12435,California,"San Jose, CA",San Jose,686000.0,2/1/2015,2,2015,37.3382082,-121.8863286
12444,California,"Hayward, CA",Hayward,475000.0,3/1/2015,3,2015,37.6688205,-122.0807964
12562,California,"San Jose, CA",San Jose,762000.0,9/1/2015,9,2015,37.3382082,-121.8863286
12672,California,"San Jose, CA",San Jose,758000.0,2/1/2016,2,2016,37.3382082,-121.8863286
12705,California,"Hayward, CA",Hayward,539000.0,4/1/2016,4,2016,37.6688205,-122.0807964
13149,California,"Hayward, CA",Hayward,310000.0,10/1/2012,10,2012,37.6688205,-122.0807964
13305,California,"Hayward, CA",Hayward,400000.0,6/1/2013,6,2013,37.6688205,-122.0807964
13329,California,"Fremont, CA",Fremont,650000.0,7/1/2013,7,2013,37.5482697,-121.9885719
13330,California,"Hayward, CA",Hayward,399000.0,7/1/2013,7,2013,37.6688205,-122.0807964
13347,California,"San Jose, CA",San Jose,645000.0,7/1/2013,7,2013,37.3382082,-121.8863286
13404,California,"Hayward, CA",Hayward,397000.0,10/1/2013,10,2013,37.6688205,-122.0807964
13492,California,"San Jose, CA",San Jose,599000.0,1/1/2014,1,2014,37.3382082,-121.8863286
13520,California,"San Jose, CA",San Jose,625000.0,2/1/2014,2,2014,37.3382082,-121.8863286
13613,California,"San Jose, CA",San Jose,691000.0,6/1/2014,6,2014,37.3382082,-121.8863286
13624,California,"Hayward, CA",Hayward,440000.0,7/1/2014,7,2014,37.6688205,-122.0807964
13666,California,"Fremont, CA",Fremont,695000.0,9/1/2014,9,2014,37.5482697,-121.9885719
13669,California,"Hayward, CA",Hayward,425000.0,9/1/2014,9,2014,37.6688205,-122.0807964
13903,California,"Fremont, CA",Fremont,808000.0,7/1/2015,7,2015,37.5482697,-121.9885719
14012,California,"San Jose, CA",San Jose,750000.0,11/1/2015,11,2015,37.3382082,-121.8863286
14138,California,"Oakland, CA",Oakland,810000.0,6/1/2018,6,2018,37.8043637,-122.2711137
14480,California,"Fremont, CA",Fremont,548000.0,7/1/2012,7,2012,37.5482697,-121.9885719
14519,California,"San Jose, CA",San Jose,520000.0,8/1/2012,8,2012,37.3382082,-121.8863286
14540,California,"San Jose, CA",San Jose,501000.0,9/1/2012,9,2012,37.3382082,-121.8863286
14820,California,"Hayward, CA",Hayward,405000.0,11/1/2013,11,2013,37.6688205,-122.0807964
14977,California,"Fremont, CA",Fremont,710000.0,6/1/2014,6,2014,37.5482697,-121.9885719
15027,California,"San Jose, CA",San Jose,690000.0,8/1/2014,8,2014,37.3382082,-121.8863286
15095,California,"San Jose, CA",San Jose,680000.0,11/1/2014,11,2014,37.3382082,-121.8863286
15250,California,"Hayward, CA",Hayward,495000.0,7/1/2015,7,2015,37.6688205,-122.0807964
15262,California,"San Jose, CA",San Jose,795000.0,7/1/2015,7,2015,37.3382082,-121.8863286
15282,California,"Santa Clara, CA",Santa Clara,920000.0,8/1/2015,8,2015,37.3541079,-121.9552356
15374,California,"San Jose, CA",San Jose,741000.0,12/1/2015,12,2015,37.3382082,-121.8863286
15450,California,"Santa Clara, CA",Santa Clara,956000.0,4/1/2016,4,2016,37.3541079,-121.9552356
15459,California,"Fremont, CA",Fremont,864000.0,5/1/2016,5,2016,37.5482697,-121.9885719
15529,California,"Oakland, CA",Oakland,610000.0,8/1/2015,8,2015,37.8043637,-122.2711137
15539,California,"Oakland, CA",Oakland,588000.0,10/1/2015,10,2015,37.8043637,-122.2711137
15565,California,"Santa Clara, CA",Santa Clara,975000.0,6/1/2016,6,2016,37.3541079,-121.9552356
15609,California,"Oakland, CA",Oakland,675000.0,5/1/2017,5,2017,37.8043637,-122.2711137
16159,California,"Hayward, CA",Hayward,327000.0,1/1/2013,1,2013,37.6688205,-122.0807964
16208,California,"San Jose, CA",San Jose,550000.0,2/1/2013,2,2013,37.3382082,-121.8863286
16248,California,"Hayward, CA",Hayward,367000.0,4/1/2013,4,2013,37.6688205,-122.0807964
16336,California,"Santa Clara, CA",Santa Clara,673000.0,7/1/2013,7,2013,37.3541079,-121.9552356
16345,California,"Hayward, CA",Hayward,421000.0,8/1/2013,8,2013,37.6688205,-122.0807964
16452,California,"Fremont, CA",Fremont,636000.0,12/1/2013,12,2013,37.5482697,-121.9885719
16475,California,"Fremont, CA",Fremont,626000.0,1/1/2014,1,2014,37.5482697,-121.9885719
16669,California,"Fremont, CA",Fremont,725000.0,10/1/2014,10,2014,37.5482697,-121.9885719
16689,California,"Hayward, CA",Hayward,423000.0,11/1/2014,11,2014,37.6688205,-122.0807964
16816,California,"Fremont, CA",Fremont,827000.0,5/1/2015,5,2015,37.5482697,-121.9885719
16837,California,"Fremont, CA",Fremont,788000.0,6/1/2015,6,2015,37.5482697,-121.9885719
16919,California,"Oakland, CA",Oakland,600000.0,11/1/2015,11,2015,37.8043637,-122.2711137
17055,California,"Santa Clara, CA",Santa Clara,1035000.0,3/1/2017,3,2017,37.3541079,-121.9552356
17107,California,"Oakland, CA",Oakland,670000.0,9/1/2017,9,2017,37.8043637,-122.2711137
17158,California,"Oakland, CA",Oakland,778000.0,4/1/2018,4,2018,37.8043637,-122.2711137
17166,California,"Oakland, CA",Oakland,773000.0,5/1/2018,5,2018,37.8043637,-122.2711137
17625,California,"Hayward, CA",Hayward,235000.0,3/1/2012,3,2012,37.6688205,-122.0807964
17642,California,"San Jose, CA",San Jose,425000.0,3/1/2012,3,2012,37.3382082,-121.8863286
17677,California,"Fremont, CA",Fremont,475000.0,5/1/2012,5,2012,37.5482697,-121.9885719
17917,California,"Fremont, CA",Fremont,660000.0,3/1/2013,3,2013,37.5482697,-121.9885719
17967,California,"Fremont, CA",Fremont,655000.0,5/1/2013,5,2013,37.5482697,-121.9885719
17986,California,"Fremont, CA",Fremont,681000.0,6/1/2013,6,2013,37.5482697,-121.9885719
18030,California,"Fremont, CA",Fremont,640000.0,8/1/2013,8,2013,37.5482697,-121.9885719
18049,California,"Fremont, CA",Fremont,606000.0,9/1/2013,9,2013,37.5482697,-121.9885719
18118,California,"Santa Clara, CA",Santa Clara,920000.0,10/1/2015,10,2015,37.3541079,-121.9552356
18136,California,"Oakland, CA",Oakland,550000.0,1/1/2016,1,2016,37.8043637,-122.2711137
18191,California,"Santa Clara, CA",Santa Clara,995000.0,5/1/2016,5,2016,37.3541079,-121.9552356
18195,California,"Oakland, CA",Oakland,668000.0,6/1/2016,6,2016,37.8043637,-122.2711137
18227,California,"Oakland, CA",Oakland,620000.0,10/1/2016,10,2016,37.8043637,-122.2711137
18275,California,"Santa Clara, CA",Santa Clara,1050000.0,4/1/2017,4,2017,37.3541079,-121.9552356
18309,California,"Santa Clara, CA",Santa Clara,1110000.0,7/1/2017,7,2017,37.3541079,-121.9552356
18361,California,"Oakland, CA",Oakland,653000.0,2/1/2018,2,2018,37.8043637,-122.2711137
18368,California,"Santa Clara, CA",Santa Clara,1500000.0,2/1/2018,2,2018,37.3541079,-121.9552356
18815,California,"San Jose, CA",San Jose,470000.0,4/1/2012,4,2012,37.3382082,-121.8863286
18930,California,"Fremont, CA",Fremont,550000.0,10/1/2012,10,2012,37.5482697,-121.9885719
19186,California,"San Jose, CA",San Jose,615000.0,11/1/2013,11,2013,37.3382082,-121.8863286
19239,California,"Fremont, CA",Fremont,695000.0,2/1/2014,2,2014,37.5482697,-121.9885719
19242,California,"Hayward, CA",Hayward,410000.0,2/1/2014,2,2014,37.6688205,-122.0807964
19269,California,"Hayward, CA",Hayward,543000.0,10/1/2016,10,2016,37.6688205,-122.0807964
19293,California,"Hayward, CA",Hayward,555000.0,12/1/2016,12,2016,37.6688205,-122.0807964
19294,California,"Oakland, CA",Oakland,600000.0,12/1/2016,12,2016,37.8043637,-122.2711137
19377,California,"Oakland, CA",Oakland,675000.0,7/1/2017,7,2017,37.8043637,-122.2711137
19399,California,"Hayward, CA",Hayward,645000.0,9/1/2017,9,2017,37.6688205,-122.0807964
19416,California,"San Jose, CA",San Jose,947000.0,10/1/2017,10,2017,37.3382082,-121.8863286
19431,California,"Santa Clara, CA",Santa Clara,1200000.0,11/1/2017,11,2017,37.3541079,-121.9552356
19432,California,"San Jose, CA",San Jose,964000.0,11/1/2017,11,2017,37.3382082,-121.8863286
19455,California,"Santa Clara, CA",Santa Clara,1306000.0,1/1/2018,1,2018,37.3541079,-121.9552356
19518,California,"Santa Clara, CA",Santa Clara,1350000.0,5/1/2018,5,2018,37.3541079,-121.9552356
19527,California,"Santa Clara, CA",Santa Clara,1420000.0,6/1/2018,6,2018,37.3541079,-121.9552356
19632,California,"San Jose, CA",San Jose,623000.0,9/1/2013,9,2013,37.3382082,-121.8863286
19693,California,"San Jose, CA",San Jose,608000.0,12/1/2013,12,2013,37.3382082,-121.8863286
19807,California,"Fremont, CA",Fremont,755000.0,5/1/2014,5,2014,37.5482697,-121.9885719
19948,California,"Fremont, CA",Fremont,690000.0,11/1/2014,11,2014,37.5482697,-121.9885719
19973,California,"Santa Clara, CA",Santa Clara,764000.0,12/1/2014,12,2014,37.3541079,-121.9552356
20185,California,"Fremont, CA",Fremont,745000.0,10/1/2015,10,2015,37.5482697,-121.9885719
20204,California,"Fremont, CA",Fremont,780000.0,11/1/2015,11,2015,37.5482697,-121.9885719
20247,California,"Fremont, CA",Fremont,807000.0,1/1/2016,1,2016,37.5482697,-121.9885719
20295,California,"Hayward, CA",Hayward,520000.0,3/1/2016,3,2016,37.6688205,-122.0807964
20314,California,"Fremont, CA",Fremont,843000.0,4/1/2016,4,2016,37.5482697,-121.9885719
20330,California,"San Jose, CA",San Jose,817000.0,4/1/2016,4,2016,37.3382082,-121.8863286
20372,California,"Fremont, CA",Fremont,801000.0,6/1/2016,6,2016,37.5482697,-121.9885719
20392,California,"Fremont, CA",Fremont,838000.0,7/1/2016,7,2016,37.5482697,-121.9885719
20393,California,"Hayward, CA",Hayward,539000.0,7/1/2016,7,2016,37.6688205,-122.0807964
20415,California,"Fremont, CA",Fremont,835000.0,8/1/2016,8,2016,37.5482697,-121.9885719
20461,California,"Fremont, CA",Fremont,854000.0,10/1/2016,10,2016,37.5482697,-121.9885719
20563,California,"San Jose, CA",San Jose,824000.0,2/1/2017,2,2017,37.3382082,-121.8863286
20593,California,"Fremont, CA",Fremont,918000.0,4/1/2017,4,2017,37.5482697,-121.9885719
20670,California,"Fremont, CA",Fremont,951000.0,7/1/2017,7,2017,37.5482697,-121.9885719
20721,California,"Fremont, CA",Fremont,906000.0,9/1/2017,9,2017,37.5482697,-121.9885719
20735,California,"San Jose, CA",San Jose,900000.0,9/1/2017,9,2017,37.3382082,-121.8863286
20789,California,"Hayward, CA",Hayward,640000.0,12/1/2017,12,2017,37.6688205,-122.0807964
20830,California,"San Jose, CA",San Jose,931000.0,1/1/2018,1,2018,37.3382082,-121.8863286
20916,California,"San Jose, CA",San Jose,1126000.0,4/1/2018,4,2018,37.3382082,-121.8863286
20947,California,"Fremont, CA",Fremont,1165000.0,6/1/2018,6,2018,37.5482697,-121.9885719
20971,California,"Fremont, CA",Fremont,1095000.0,7/1/2018,7,2018,37.5482697,-121.9885719
21019,California,"Fremont, CA",Fremont,1080000.0,9/1/2018,9,2018,37.5482697,-121.9885719
21108,California,"Fremont, CA",Fremont,978000.0,1/1/2019,1,2019,37.5482697,-121.9885719
21133,California,"Fremont, CA",Fremont,956000.0,2/1/2019,2,2019,37.5482697,-121.9885719
21167,California,"Oakland, CA",Oakland,725000.0,3/1/2018,3,2018,37.8043637,-122.2711137
21180,California,"Santa Clara, CA",Santa Clara,1450000.0,4/1/2018,4,2018,37.3541079,-121.9552356
21204,California,"Santa Clara, CA",Santa Clara,1351000.0,7/1/2018,7,2018,37.3541079,-121.9552356
21309,California,"Fremont, CA",Fremont,725000.0,4/1/2014,4,2014,37.5482697,-121.9885719
21324,California,"San Jose, CA",San Jose,685000.0,4/1/2014,4,2014,37.3382082,-121.8863286
21340,California,"San Jose, CA",San Jose,695000.0,5/1/2014,5,2014,37.3382082,-121.8863286
21381,California,"Fremont, CA",Fremont,700000.0,8/1/2014,8,2014,37.5482697,-121.9885719
21503,California,"Fremont, CA",Fremont,706000.0,2/1/2015,2,2015,37.5482697,-121.9885719
21566,California,"Hayward, CA",Hayward,485000.0,5/1/2015,5,2015,37.6688205,-122.0807964
21707,California,"Fremont, CA",Fremont,775000.0,12/1/2015,12,2015,37.5482697,-121.9885719
21750,California,"San Jose, CA",San Jose,690000.0,1/1/2016,1,2016,37.3382082,-121.8863286
21757,California,"Hayward, CA",Hayward,515000.0,2/1/2016,2,2016,37.6688205,-122.0807964
21773,California,"Fremont, CA",Fremont,845000.0,3/1/2016,3,2016,37.5482697,-121.9885719
21818,California,"San Jose, CA",San Jose,840000.0,5/1/2016,5,2016,37.3382082,-121.8863286
21864,California,"San Jose, CA",San Jose,820000.0,7/1/2016,7,2016,37.3382082,-121.8863286
21994,California,"Fremont, CA",Fremont,875000.0,1/1/2017,1,2017,37.5482697,-121.9885719
22033,California,"Fremont, CA",Fremont,925000.0,3/1/2017,3,2017,37.5482697,-121.9885719
22096,California,"Fremont, CA",Fremont,940000.0,6/1/2017,6,2017,37.5482697,-121.9885719
22215,California,"Fremont, CA",Fremont,995000.0,12/1/2017,12,2017,37.5482697,-121.9885719
22282,California,"San Jose, CA",San Jose,1050000.0,2/1/2018,2,2018,37.3382082,-121.8863286
22323,California,"Fremont, CA",Fremont,1190000.0,5/1/2018,5,2018,37.5482697,-121.9885719
22375,California,"Fremont, CA",Fremont,1080000.0,8/1/2018,8,2018,37.5482697,-121.9885719
22385,California,"San Jose, CA",San Jose,1078000.0,8/1/2018,8,2018,37.3382082,-121.8863286
22451,California,"San Jose, CA",San Jose,952000.0,12/1/2018,12,2018,37.3382082,-121.8863286
22525,California,"Hayward, CA",Hayward,520000.0,12/1/2015,12,2015,37.6688205,-122.0807964
22574,California,"Oakland, CA",Oakland,640000.0,4/1/2016,4,2016,37.8043637,-122.2711137
22656,California,"Santa Clara, CA",Santa Clara,965000.0,9/1/2016,9,2016,37.3541079,-121.9552356
22675,California,"Hayward, CA",Hayward,545000.0,11/1/2016,11,2016,37.6688205,-122.0807964
22688,California,"Santa Clara, CA",Santa Clara,963000.0,12/1/2016,12,2016,37.3541079,-121.9552356
22766,California,"Hayward, CA",Hayward,636000.0,7/1/2017,7,2017,37.6688205,-122.0807964
22882,California,"Hayward, CA",Hayward,665000.0,3/1/2018,3,2018,37.6688205,-122.0807964
22999,California,"Hayward, CA",Hayward,673000.0,1/1/2019,1,2019,37.6688205,-122.0807964
23063,California,"Hayward, CA",Hayward,690000.0,8/1/2018,8,2018,37.6688205,-122.0807964
23082,California,"Santa Clara, CA",Santa Clara,1319000.0,8/1/2018,8,2018,37.3541079,-121.9552356
23390,California,"San Jose, CA",San Jose,525000.0,11/1/2012,11,2012,37.3382082,-121.8863286
23404,California,"Fremont, CA",Fremont,540000.0,2/1/2013,2,2013,37.5482697,-121.9885719
23413,California,"Hayward, CA",Hayward,335000.0,3/1/2013,3,2013,37.6688205,-122.0807964
23459,California,"Fremont, CA",Fremont,607000.0,11/1/2013,11,2013,37.5482697,-121.9885719
23476,California,"Fremont, CA",Fremont,675000.0,3/1/2014,3,2014,37.5482697,-121.9885719
23500,California,"Fremont, CA",Fremont,743000.0,7/1/2014,7,2014,37.5482697,-121.9885719
23531,California,"Fremont, CA",Fremont,721000.0,12/1/2014,12,2014,37.5482697,-121.9885719
23583,California,"Fremont, CA",Fremont,807000.0,9/1/2015,9,2015,37.5482697,-121.9885719
24079,California,"San Jose, CA",San Jose,895000.0,7/1/2017,7,2017,37.3382082,-121.8863286
24216,California,"Fremont, CA",Fremont,1000000.0,2/1/2018,2,2018,37.5482697,-121.9885719
24261,California,"Fremont, CA",Fremont,1160000.0,4/1/2018,4,2018,37.5482697,-121.9885719
24263,California,"Hayward, CA",Hayward,670000.0,4/1/2018,4,2018,37.6688205,-122.0807964
24422,California,"Hayward, CA",Hayward,620000.0,11/1/2018,11,2018,37.6688205,-122.0807964
24492,California,"San Jose, CA",San Jose,943000.0,2/1/2019,2,2019,37.3382082,-121.8863286
24508,California,"Hayward, CA",Hayward,683000.0,5/1/2018,5,2018,37.6688205,-122.0807964
24533,California,"Oakland, CA",Oakland,760000.0,7/1/2018,7,2018,37.8043637,-122.2711137
24551,California,"Oakland, CA",Oakland,785000.0,8/1/2018,8,2018,37.8043637,-122.2711137
24586,California,"Oakland, CA",Oakland,679000.0,12/1/2018,12,2018,37.8043637,-122.2711137
24600,California,"Oakland, CA",Oakland,635000.0,1/1/2019,1,2019,37.8043637,-122.2711137
24619,California,"Fremont, CA",Fremont,800000.0,8/1/2015,8,2015,37.5482697,-121.9885719
24906,California,"San Jose, CA",San Jose,790000.0,8/1/2016,8,2016,37.3382082,-121.8863286
25086,California,"San Jose, CA",San Jose,840000.0,3/1/2017,3,2017,37.3382082,-121.8863286
25097,California,"Hayward, CA",Hayward,600000.0,4/1/2017,4,2017,37.6688205,-122.0807964
25440,California,"Hayward, CA",Hayward,670000.0,6/1/2018,6,2018,37.6688205,-122.0807964
25460,California,"San Jose, CA",San Jose,1108000.0,6/1/2018,6,2018,37.3382082,-121.8863286
25615,California,"Hayward, CA",Hayward,675000.0,12/1/2018,12,2018,37.6688205,-122.0807964
25629,California,"Santa Clara, CA",Santa Clara,1193000.0,12/1/2018,12,2018,37.3541079,-121.9552356
25650,California,"San Jose, CA",San Jose,950000.0,1/1/2019,1,2019,37.3382082,-121.8863286
25658,California,"Hayward, CA",Hayward,650000.0,2/1/2019,2,2019,37.6688205,-122.0807964
25731,California,"Hayward, CA",Hayward,490000.0,11/1/2015,11,2015,37.6688205,-122.0807964
25789,California,"Oakland, CA",Oakland,580000.0,3/1/2016,3,2016,37.8043637,-122.2711137
25859,California,"Oakland, CA",Oakland,665000.0,8/1/2016,8,2016,37.8043637,-122.2711137
25999,California,"San Jose, CA",San Jose,875000.0,4/1/2017,4,2017,37.3382082,-121.8863286
26066,California,"Hayward, CA",Hayward,617000.0,8/1/2017,8,2017,37.6688205,-122.0807964
26099,California,"Oakland, CA",Oakland,673000.0,10/1/2017,10,2017,37.8043637,-122.2711137
26147,California,"Hayward, CA",Hayward,699000.0,1/1/2018,1,2018,37.6688205,-122.0807964
26347,California,"Santa Clara, CA",Santa Clara,1250000.0,2/1/2019,2,2019,37.3541079,-121.9552356
26846,California,"San Jose, CA",San Jose,1125000.0,3/1/2018,3,2018,37.3382082,-121.8863286
26885,California,"San Jose, CA",San Jose,1151000.0,5/1/2018,5,2018,37.3382082,-121.8863286
26930,California,"San Jose, CA",San Jose,1050000.0,7/1/2018,7,2018,37.3382082,-121.8863286
26971,California,"Hayward, CA",Hayward,660000.0,9/1/2018,9,2018,37.6688205,-122.0807964
27126,California,"Hayward, CA",Hayward,538000.0,8/1/2016,8,2016,37.6688205,-122.0807964
27148,California,"Fremont, CA",Fremont,865000.0,9/1/2016,9,2016,37.5482697,-121.9885719
27156,California,"San Jose, CA",San Jose,770000.0,9/1/2016,9,2016,37.3382082,-121.8863286
27260,California,"Santa Clara, CA",Santa Clara,935000.0,2/1/2017,2,2017,37.3541079,-121.9552356
27269,California,"Hayward, CA",Hayward,594000.0,3/1/2017,3,2017,37.6688205,-122.0807964
27322,California,"Santa Clara, CA",Santa Clara,1126000.0,5/1/2017,5,2017,37.3541079,-121.9552356
27333,California,"Hayward, CA",Hayward,619000.0,6/1/2017,6,2017,37.6688205,-122.0807964
27344,California,"San Jose, CA",San Jose,895000.0,6/1/2017,6,2017,37.3382082,-121.8863286
27364,California,"Oakland, CA",Oakland,683000.0,8/1/2017,8,2017,37.8043637,-122.2711137
27418,California,"Fremont, CA",Fremont,947000.0,11/1/2017,11,2017,37.5482697,-121.9885719
27833,California,"Oakland, CA",Oakland,757000.0,10/1/2018,10,2018,37.8043637,-122.2711137
27866,California,"Oakland, CA",Oakland,730000.0,2/1/2019,2,2019,37.8043637,-122.2711137
27949,California,"Fremont, CA",Fremont,765000.0,4/1/2015,4,2015,37.5482697,-121.9885719
27950,California,"Hayward, CA",Hayward,448000.0,4/1/2015,4,2015,37.6688205,-122.0807964
27964,California,"San Jose, CA",San Jose,770000.0,4/1/2015,4,2015,37.3382082,-121.8863286
27976,California,"San Jose, CA",San Jose,761000.0,5/1/2015,5,2015,37.3382082,-121.8863286
27997,California,"Hayward, CA",Hayward,505000.0,6/1/2015,6,2015,37.6688205,-122.0807964
28107,California,"San Jose, CA",San Jose,756000.0,10/1/2015,10,2015,37.3382082,-121.8863286
28207,California,"Santa Clara, CA",Santa Clara,1012000.0,2/1/2016,2,2016,37.3541079,-121.9552356
28407,California,"Fremont, CA",Fremont,870000.0,11/1/2016,11,2016,37.5482697,-121.9885719
28486,California,"Fremont, CA",Fremont,870000.0,2/1/2017,2,2017,37.5482697,-121.9885719
28556,California,"Fremont, CA",Fremont,911000.0,5/1/2017,5,2017,37.5482697,-121.9885719
28571,California,"San Jose, CA",San Jose,865000.0,5/1/2017,5,2017,37.3382082,-121.8863286
28647,California,"San Jose, CA",San Jose,870000.0,8/1/2017,8,2017,37.3382082,-121.8863286
29019,California,"San Jose, CA",San Jose,978000.0,11/1/2018,11,2018,37.3382082,-121.8863286
29028,California,"Fremont, CA",Fremont,942000.0,12/1/2018,12,2018,37.5482697,-121.9885719
29117,California,"San Jose, CA",San Jose,682000.0,10/1/2014,10,2014,37.3382082,-121.8863286
29198,California,"Hayward, CA",Hayward,442000.0,2/1/2015,2,2015,37.6688205,-122.0807964
29226,California,"Fremont, CA",Fremont,786000.0,3/1/2015,3,2015,37.5482697,-121.9885719
29558,California,"Hayward, CA",Hayward,555000.0,5/1/2016,5,2016,37.6688205,-122.0807964
29588,California,"San Jose, CA",San Jose,835000.0,6/1/2016,6,2016,37.3382082,-121.8863286
29653,California,"Hayward, CA",Hayward,525000.0,9/1/2016,9,2016,37.6688205,-122.0807964
29733,California,"Fremont, CA",Fremont,816000.0,12/1/2016,12,2016,37.5482697,-121.9885719
29779,California,"San Jose, CA",San Jose,763000.0,1/1/2017,1,2017,37.3382082,-121.8863286
29930,California,"Fremont, CA",Fremont,930000.0,8/1/2017,8,2017,37.5482697,-121.9885719
29983,California,"Fremont, CA",Fremont,1015000.0,10/1/2017,10,2017,37.5482697,-121.9885719
30060,California,"Fremont, CA",Fremont,1008000.0,1/1/2018,1,2018,37.5482697,-121.9885719
30105,California,"Fremont, CA",Fremont,1121000.0,3/1/2018,3,2018,37.5482697,-121.9885719
30198,California,"Hayward, CA",Hayward,693000.0,7/1/2018,7,2018,37.6688205,-122.0807964
30274,California,"Fremont, CA",Fremont,1100000.0,10/1/2018,10,2018,37.5482697,-121.9885719
30275,California,"Hayward, CA",Hayward,640000.0,10/1/2018,10,2018,37.6688205,-122.0807964
30303,California,"Fremont, CA",Fremont,1024000.0,11/1/2018,11,2018,37.5482697,-121.9885719
